{
  "MSE": 27.803443908691406,
  "MAE": 4.06254768371582,
  "RMSE": 5.272897107728483,
  "R2": 0.9320518513540917
}