{
  "MSE": 67.23133087158203,
  "MAE": 6.504249095916748,
  "RMSE": 8.199471377569534,
  "R2": 0.8283216161971955
}