{
  "MSE": 27.09309196472168,
  "MAE": 4.002959728240967,
  "RMSE": 5.205102493200464,
  "R2": 0.9342602178864996
}