{
  "MSE": 26.91301155090332,
  "MAE": 4.0070390701293945,
  "RMSE": 5.18777520242573,
  "R2": 0.9357688852146643
}