{
  "MSE": 1446.861083984375,
  "MAE": 30.42098617553711,
  "RMSE": 38.037627212858254,
  "R2": -1.8996896743774414
}