{
  "MSE": 2560.081787109375,
  "MAE": 44.54386901855469,
  "RMSE": 50.59725078607903,
  "R2": -5.196780204772949,
  "top_n_accuracies": {
    "with_input": [
      0.0,
      0.0,
      0.0,
      0.0,
      0.05263157894736842,
      0.05263157894736842,
      0.10526315789473684,
      0.10526315789473684,
      0.10526315789473684,
      0.10526315789473684
    ],
    "without_input": [
      0.0,
      0.0,
      0.0,
      0.0,
      0.0,
      0.0,
      0.0,
      0.0,
      0.0,
      0.0
    ]
  }
}