{
  "MSE": 236.84718322753906,
  "MAE": 12.268115997314453,
  "RMSE": 15.38984025997473,
  "R2": 0.4319075186565948
}