{
  "MSE": 23.475332260131836,
  "MAE": 3.7197511196136475,
  "RMSE": 4.845134906288146,
  "R2": 0.9369152899786923
}