{
  "MSE": 23.24126434326172,
  "MAE": 3.692263603210449,
  "RMSE": 4.820919449986872,
  "R2": 0.9366572452775294
}