{
  "MSE": 30.68206787109375,
  "MAE": 4.302067756652832,
  "RMSE": 5.539139632749273,
  "R2": 0.9257834394735193
}