{
  "MSE": 25.419954299926758,
  "MAE": 3.861208438873291,
  "RMSE": 5.041820534283897,
  "R2": 0.9379631060219116
}