{
  "MSE": 35.3890380859375,
  "MAE": 4.644115924835205,
  "RMSE": 5.948868639156315,
  "R2": 0.9096324171458918
}