{
  "MSE": 62.75387954711914,
  "MAE": 6.277183532714844,
  "RMSE": 7.921734629935488,
  "R2": 0.8466373464532522
}