{
  "train_losses": [
    0.04722753413952887,
    0.012598729687742888,
    0.006224490163149312,
    0.005492990363854915,
    0.0054415599652566015
  ],
  "test_losses": [
    0.01788275504950434,
    0.008526618161704391,
    0.005691637680865824,
    0.005621276976307854,
    0.0055794946732930836
  ],
  "mae_scores": [
    0.10708583071827889,
    0.07339601656422019,
    0.05970644969493151,
    0.0593820751644671,
    0.059173263423144815
  ],
  "epochs": 5
}