{
  "timestamp": "2026-02-08 18:08:56",
  "script_name": "qrkk_ang_v1",
  "comparison_results": {
    "angle": {
      "rmse": 0.6094402171725424,
      "r2": -0.420244804905323,
      "training_time": 1.9336280822753906
    },
    "topology": {
      "rmse": 0.5655722318845798,
      "r2": -0.27888779787240103,
      "training_time": 0.9027159214019775
    },
    "hybrid": {
      "rmse": 0.609077270911006,
      "r2": -0.4185277200728059,
      "training_time": 1.9365968704223633
    }
  }
}