{
  "MSE": 112.32981872558594,
  "MAE": 8.46387004852295,
  "RMSE": 10.598576259365498,
  "R2": 0.7305700469852446
}