{
  "MSE": 103.06014251708984,
  "MAE": 8.077385902404785,
  "RMSE": 10.151854141834871,
  "R2": 0.7481338676526097
}