{
  "train_losses": [
    0.11207208604901098,
    0.02391693832760211,
    0.0210841777297901,
    0.01851545447425451,
    0.015346444211900234
  ],
  "test_losses": [
    0.032269738327998385,
    0.026392075161521252,
    0.023466703983453605,
    0.019715925248769615,
    0.015503939957572864
  ],
  "mae_scores": [
    0.14602307287546304,
    0.13163118007091376,
    0.12370007542463449,
    0.11280696667157687,
    0.09936985946618594
  ],
  "epochs": 5
}