{
  "train_losses": [
    0.011654974696284626,
    0.008361551983398385,
    0.006735323346219957,
    0.006406625019735657,
    0.006337413127766922,
    0.00632286009931704,
    0.006296320163528435,
    0.006275284133153036,
    0.006251385530049447,
    0.006227055280760396
  ],
  "test_losses": [
    0.011196488299621986,
    0.008547970559448004,
    0.007760081440210342,
    0.007657831785484002,
    0.007602623341461787,
    0.007601946914711824,
    0.0075651491777254986,
    0.007519230855485568,
    0.007474751999745002,
    0.007435249236340706
  ],
  "mae_scores": [
    0.08397930803207251,
    0.07349890757065553,
    0.07021335913584782,
    0.0697878490273769,
    0.06954456407290238,
    0.06953372347813386,
    0.06935323144380863,
    0.06914384548480694,
    0.0689379211801749,
    0.06875579632245578
  ],
  "epochs": 10,
  "training_info": {
    "start_epoch": 10,
    "final_epoch": 10,
    "historical_epochs": 5,
    "new_epochs": 5
  }
}